{
    "mtx": [
        [
            386.2597907532826,
            0.0,
            475.09542602102243
        ],
        [
            0.0,
            405.552190300587,
            361.4357442390603
        ],
        [
            0.0,
            0.0,
            1.0
        ]
    ],
    "dist": [
        [
            -0.10441821887290381,
            -0.00646662228805993,
            -4.420770492667849e-05,
            -0.0016592723766298328,
            0.0037297089561485314
        ]
    ],
    "resolution": [
        720,
        960
    ]
}